﻿<?xml version="1.0" encoding="utf-8"?>
<Roots >
  <Roots.RootTypes>
    <RootType FullName="Windows.UI.Xaml.Controls.UserControl">
      <RootProperty Name="Content" />
    </RootType>
    <RootType FullName="Windows.UI.Xaml.Controls.Grid">
      <RootProperty Name="Children" />
    </RootType>
    <RootType FullName="Windows.UI.Xaml.Controls.Button">
      <RootProperty Name="Content" />
      <RootProperty Name="Background" />
      <RootProperty Name="Foreground" />
    </RootType>
    <RootType FullName="RedButton.SimpleButton" />
  </Roots.RootTypes>
</Roots>
